{"cameraMode":{"drawMode":0,"name":"Shaded","section":"Shading Mode"},"sceneLighting":false,"audioPlay":false,"sceneViewState":{"m_AlwaysRefresh":false,"showFog":true,"showSkybox":false,"showFlares":true,"showImageEffects":true,"showParticleSystems":true,"showVisualEffectGraphs":true,"m_FxEnabled":true},"in2DMode":false,"pivot":{"x":-2.4999783039093019,"y":1.9010506868362427,"z":11.760000228881836},"rotation":{"x":0.15456882119178773,"y":-0.715245246887207,"z":0.16732847690582276,"w":0.6607203483581543},"size":0.8660253882408142,"orthographic":true}