{"cameraMode":{"drawMode":0,"name":"Shaded","section":"Shading Mode"},"sceneLighting":false,"audioPlay":false,"sceneViewState":{"m_AlwaysRefresh":false,"showFog":true,"showSkybox":false,"showFlares":true,"showImageEffects":true,"showParticleSystems":true,"showVisualEffectGraphs":true,"m_FxEnabled":true},"in2DMode":false,"pivot":{"x":2.1036581993103029,"y":0.2831292152404785,"z":0.13972771167755128},"rotation":{"x":0.20141632854938508,"y":0.26647159457206728,"z":-0.057046692818403247,"w":0.9408372044563294},"size":0.437855988740921,"orthographic":true}